id	Read_rna	mirgenedb_id	names
iso-22-XKVLRYVPQ	UGAGGUAGUAGGUUGUAUAGUU	Eca-Let-7-P1d_5p|Eca-Let-7-P2a1_5p|Eca-Let-7-P2a2_5p	eca-let-7a
iso-22-XKVL5YVPQ	UGAGGUAGUAGAUUGUAUAGUU	Eca-Let-7-P2a3_5p|Eca-Let-7-P2b1_5p	eca-let-7f
iso-22-BRS28UEYP	AACCCGUAGAUCCGAACUUGUG	Eca-Mir-10-P2d_5p	eca-miR-100
iso-24-BQ8NQWM42E	AACAUUCAUUGCUGUCGGUGGGUU	Eca-Mir-181-P2a_5p|Eca-Mir-181-P2b_5p	eca-miR-181b
iso-22-VFPFOEI82	UAGCAGCACAGAAAUAUUGGCA	Eca-Mir-15-P2d_5p	eca-miR-195
iso-22-V31ZJW9Y4	UAGGUAGUUUCAUGUUGUUGGG	Eca-Mir-196-P3_5p	eca-miR-196a
iso-23-V31ZJW9YDX	UAGGUAGUUUCAUGUUGUUGGGA	Eca-Mir-196-P4_5p	eca-miR-196a
iso-22-0317PFZ3O	ACAGUAGUCUGCACAUUGGUUA	Eca-Mir-199-P1-v1_3p|Eca-Mir-199-P2-v1_3p|Eca-Mir-199-P3-v1_3p	eca-miR-199a-3p|eca-miR-199b-3p
iso-22-YRZWJRVV3	UUCCCUUUGUCAUCCUAUGCCU	Eca-Mir-204-P2_5p	eca-miR-204b
iso-22-8YUYFYKSH	UCCUGUACUGAGCUGCCCCGAG	Eca-Mir-486_5p	eca-miR-486-5p
iso-22-IIOQIX424	AUGCUGACAUAUUUACUAGAGG	Eca-Mir-628_5p	eca-miR-628a
iso-23-WZRXWPNL0L	UCUUUGGUUAUCUAGCUGUAUGA	Eca-Mir-9-P1_5p|Eca-Mir-9-P2_5p|Eca-Mir-9-P3_5p	eca-miR-9a
iso-24-BQ8N7WM42E	AACAUUCAUUGUUGUCGGUGGGUU	Eca-Mir-181-P2c_5p	eca-novel-miR-14012
iso-21-WYYB1F59E	UCUUGUUAAAAGGCAGAUUCU	Eca-Mir-544_5p	eca-novel-miR-3410
iso-22-E8EY5MF0M	ACUGGACUUGGAGUCAGAAGGC	Eca-Mir-378_3p	eca-miR-378
iso-22-XKVLRYV8Q	UGAGGUAGUAGGUUGUAUGGUU	Eca-Let-7-P1c_5p	eca-let-7c
iso-22-FKVLRYJPQ	AGAGGUAGUAGGUUGCAUAGUU	Eca-Let-7-P2c1_5p	eca-let-7d
iso-22-XKV2RYVPQ	UGAGGUAGGAGGUUGUAUAGUU	Eca-Let-7-P1b_5p	eca-let-7e
iso-22-XKVL7YUPQ	UGAGGUAGUAGUUUGUACAGUU	Eca-Let-7-P2c3_5p	eca-let-7g
iso-22-9B9OF0VWI	UGGAAUGUAAAGAAGUAUGUAU	Eca-Mir-1-P1_3p|Eca-Mir-1-P3_3p	eca-miR-1
iso-22-UPUYXLEUH	UACAGUACUGUGAUAACUGAAG	Eca-Mir-101-P1-v1_3p|Eca-Mir-101-P2-v1_3p	eca-miR-101
iso-23-FPJYUP6X0L	AGCAGCAUUGUACAGGGCUAUGA	Eca-Mir-103-P2_3p|Eca-Mir-103-P4_3p	eca-miR-103|eca-miR-107a
iso-23-20XZ03PK0H	CAAAGUGCUUACAGUGCAGGUAG	Eca-Mir-17-P1a_5p|Eca-Mir-17-P1c_5p	eca-miR-106a|eca-miR-17
iso-21-U0XY03P2E	UAAAGUGCUGACAGUGCAGAU	Eca-Mir-17-P1d_5p	eca-miR-106b
iso-23-FPJYUP6X02	AGCAGCAUUGUACAGGGCUAUCA	Eca-Mir-103-P1_3p	eca-miR-107b
iso-22-UR9PHSDZN	UACCCUGUAGAUCCGAAUUUGU	Eca-Mir-10-P1c-v1_5p	eca-miR-10a
iso-22-UR9PBSDZN	UACCCUGUAGAACCGAAUUUGU	Eca-Mir-10-P1b-v1_5p	eca-miR-10b
iso-22-ZR6954RWN	UUUCCGGCUCGAGUGGGUGUGU	Eca-Mir-1180_3p	eca-miR-1180
iso-21-V22QR7E9E	UAGGACACAUGGUCUACUUCU	Eca-Mir-154-P5_3p	eca-miR-1197
iso-22-909U247NP	UGGAGUGUGACAAUGGUGUUUG	Eca-Mir-122_5p	eca-miR-122
iso-24-875D3ZB72L	UCCCUGAGACCCUUUAACCUGUGA	Eca-Mir-10-P3b_5p	eca-miR-125a-5p
iso-22-875D3ONWL	UCCCUGAGACCCUAACUUGUGA	Eca-Mir-10-P3c_5p|Eca-Mir-10-P3d_5p	eca-miR-125b-5p
iso-22-WL341OU4K	UCGUACCGUGAGUAAUAAUGCG	Eca-Mir-126-P2-v1_3p	eca-miR-126-3p
iso-22-W28WN0N83	UCGGAUCCGUCUGAGCUUGGCU	Eca-Mir-127_3p	eca-miR-127
iso-21-8F7B334ZE	UCACAGUGAACCGGUCUCUUU	Eca-Mir-128-P1_3p|Eca-Mir-128-P2_3p	eca-miR-128
iso-23-YKP769J7D3	UUAGGGCCCUGGCUCCAUCUCCU	Eca-Mir-1296_5p	eca-miR-1296
iso-22-YQWJ9RF4O	UUCAUUCGGCUGUCCAGAUGUA	Eca-Mir-1298_5p	eca-miR-1298
iso-21-NZX8W8QYD	CUUUUUGCGGUCUGGGCUUGC	Eca-Mir-129-P1_5p|Eca-Mir-129-P2_5p	eca-miR-129a-5p|eca-miR-129b-5p
iso-24-ZFQVNK1UK5	UUGCAGCUGCCUGGGAGUGAUUUC	Eca-Mir-1301_3p	eca-miR-1301
iso-23-ESQ4QMRS04	ACUCGGCGUGGCGUCGGUCGUGG	Eca-Mir-1307_3p	eca-miR-1307
iso-22-J424YB1JI	CAGUGCAAUGUUAAAAGGGCAU	Eca-Mir-130-P1c_3p	eca-miR-130a
iso-22-UFSXJ1I3K	UAACAGUCUACAGCCAUGGUCG	Eca-Mir-132-P1_3p	eca-miR-132
iso-23-Z88RYOKJ0N	UUUGGUCCCCUUCAACCAGCUGU	Eca-Mir-133-P1-v1_3p|Eca-Mir-133-P3-v1_3p	eca-miR-133a
iso-22-Z88RYOKJO	UUUGGUCCCCUUCAACCAGCUA	Eca-Mir-133-P2-v1_3p	eca-miR-133b
iso-22-9UN3X1FK4	UGUGACUGGUUGACCAGAGGGG	Eca-Mir-134_5p	eca-miR-134
iso-23-V8NZV9440L	UAUGGCUUUUUAUUCCUAUGUGA	Eca-Mir-135-P1_5p|Eca-Mir-135-P2_5p	eca-miR-135a
iso-23-V8NZJ9440L	UAUGGCUUUUCAUUCCUAUGUGA	Eca-Mir-135-P4_5p	eca-miR-135b
iso-21-28QVFVLHD	CACGGGCUGCAGCGCCGACGC	Eca-Mir-1379_3p	eca-miR-1379
iso-23-FY7N7B8KDK	AGCUGGUGUUGUGAAUCAGGCCG	Eca-Mir-138-P1_5p|Eca-Mir-138-P2_5p	eca-miR-138
iso-22-1D9RB75BP	AGGACUGUCCAACCUGAGAAUG	Eca-Mir-1388_5p	eca-miR-1388
iso-23-W51VE4WRZ	UCUACAGUGCACGUGUCUCCAGU	Eca-Mir-139_5p	eca-miR-139-5p
iso-22-0513FD281	ACCACAGGGUAGAACCACGGAC	Eca-Mir-140-P2-v1_3p	eca-miR-140-3p
iso-23-UFNM9LDED9	UAACACUGUCUGGUAAAGAUGGC	Eca-Mir-8-P2b_3p	eca-miR-141
iso-21-JO1PBJE5E	CAUAAAGUAGAAAGCACUACU	Eca-Mir-142-P2-v1_5p	eca-miR-142-5p
iso-21-X2X02YVID	UGAGAUGAAGCACUGUAGCUC	Eca-Mir-143_3p	eca-miR-143
iso-23-S67ZKPOMD3	GUCCAGUUUUCCCAGGAAUCCCU	Eca-Mir-145_5p	eca-miR-145
iso-24-X2EUIRHKHN	UGAGAACUGAAUUCCAUAGGCUGU	Eca-Mir-146-P1_5p	eca-miR-146b-5p
iso-22-83PI02EZN	UCAGUGCACUACAGAACUUUGU	Eca-Mir-148-P1_3p	eca-miR-148a
iso-22-83PM02EZN	UCAGUGCAUCACAGAACUUUGU	Eca-Mir-148-P4_3p	eca-miR-148b-3p
iso-23-W84S978IDJ	UCUGGCUCCGUGUCUUCACUCCC	Eca-Mir-149_5p	eca-miR-149
iso-22-WR21NW0PP	UCUCCCAACCCUUGUACCAGUG	Eca-Mir-150_5p	eca-miR-150
iso-22-ZFVM0B1U5	UUGCAUAGUCACAAAAGUGAUC	Eca-Mir-153-P1_3p|Eca-Mir-153-P2_3p	eca-miR-153
iso-22-V3VR7NPZK	UAGGUUAUCCGUGUUGCCUUCG	Eca-Mir-154-P26_5p	eca-miR-154a
iso-24-YEQOW4HK2E	UUAAUGCUAAUCGUGAUAGGGGUU	Eca-Mir-155_5p	eca-miR-155
iso-22-VFPFU47YP	UAGCAGCACAUAAUGGUUUGUG	Eca-Mir-15-P1a_5p	eca-miR-15a
iso-22-VFPF847X2	UAGCAGCACAUCAUGGUUUACA	Eca-Mir-15-P1b_5p	eca-miR-15b
iso-22-VFPHUEI8K	UAGCAGCACGUAAAUAUUGGCG	Eca-Mir-15-P2a_5p	eca-miR-16
iso-23-VFPHUEI8DN	UAGCAGCACGUAAAUAUUGGCGU	Eca-Mir-15-P2b_5p	eca-miR-16
iso-23-BQ8DQWM4Z	AACAUUCAACGCUGUCGGUGAGU	Eca-Mir-181-P1a_5p|Eca-Mir-181-P1b_5p	eca-miR-181a
iso-24-Z824S2E6FW	UUUGGCAAUGGUAGAACUCACACU	Eca-Mir-96-P2_5p	eca-miR-182
iso-22-V82YS2I63	UAUGGCACUGGUAGAAUUCACU	Eca-Mir-96-P3-v1_5p	eca-miR-183
iso-22-9D62EUUKN	UGGACGGAGAACUGAUAAGGGU	Eca-Mir-184_3p	eca-miR-184
iso-22-ZJWW53MI2	UUGGCUCUGUGAGGUCGGCUCA	Eca-Mir-1842-v1_5p	eca-miR-1842
iso-23-20D98ZZKDQ	CAAAGAAUUCUCCUUUUGGGCUU	Eca-Mir-186_5p	eca-miR-186
iso-22-W4WY9YJ14	UCGUGUCUUGUGUUGCAGCCGG	Eca-Mir-187_3p	eca-miR-187
iso-23-UKXQ43P20H	UAAGGUGCAUCUAGUGCAGAUAG	Eca-Mir-17-P2a_5p	eca-miR-18a
iso-22-XL9Z5Q93P	UGAUAUGUUUGAUAUUGGGUUG	Eca-Mir-190-P3_5p	eca-miR-190b
iso-23-2HOMKBFPDP	CAACGGAAUCCCAAAAGCAGCUG	Eca-Mir-191_5p	eca-miR-191a
iso-21-ND44DY0JD	CUGACCUAUGAAUUGACAGCC	Eca-Mir-192-P4_5p	eca-miR-192
iso-22-93NYMJ5EL	UGGGUCUUUGCGGGCGAGAUGA	Eca-Mir-193-P1b_5p	eca-miR-193a-5p
iso-22-BYP6208S3	AACUGGCCCACAAAGUCCCGCU	Eca-Mir-193-P1a_3p	eca-miR-193b
iso-22-9OJFERI4L	UGUAACAGCAACUCCAUGUGGA	Eca-Mir-194-P2_5p	eca-miR-194
iso-23-9OJFERI4D6	UGUAACAGCAACUCCAUGUGGAA	Eca-Mir-194-P4_5p	eca-miR-194
iso-23-V31Z3W9YDX	UAGGUAGUUUCCUGUUGUUGGGA	Eca-Mir-196-P1_5p	eca-miR-196b
iso-22-Y527WR06M	UUCACCACCUUCUCCACCCAGC	Eca-Mir-197_3p	eca-miR-197
iso-23-9VBMVVBD0L	UGUGCAAAUCUAUGCAAAACUGA	Eca-Mir-19-P1a_3p	eca-miR-19a
iso-23-9VBMJVBD0L	UGUGCAAAUCCAUGCAAAACUGA	Eca-Mir-19-P2a_3p|Eca-Mir-19-P2c_3p	eca-miR-19b
iso-23-UFNM9LEE0E	UAACACUGUCUGGUAACGAUGUU	Eca-Mir-8-P2a_3p	eca-miR-200a
iso-23-ULN19LIEDR	UAAUACUGCCUGGUAAUGAUGAC	Eca-Mir-8-P1a_3p	eca-miR-200b
iso-23-ULN1RLIEDX	UAAUACUGCCGGGUAAUGAUGGA	Eca-Mir-8-P1b_3p	eca-miR-200c
iso-23-8ZJ92S5M0N	UCCUUCAUUCCACCGGAGUCUGU	Eca-Mir-205-P4_5p	eca-miR-205
iso-22-9B9O609W4	UGGAAUGUAAGGAAGUGUGUGG	Eca-Mir-1-P2_3p	eca-miR-206
iso-22-H0E02BFZN	AUAAGACGAGCAAAAAGCUUGU	Eca-Mir-208-P2_3p	eca-miR-208a
iso-22-H0EB2BRZN	AUAAGACGAACAAAAGGUUUGU	Eca-Mir-208-P1-v1_3p	eca-miR-208b
iso-23-U0XZH3PK0H	UAAAGUGCUUAUAGUGCAGGUAG	Eca-Mir-17-P4a_5p	eca-miR-20a
iso-23-20X9H3PK0H	CAAAGUGCUCAUAGUGCAGGUAG	Eca-Mir-17-P4c_5p	eca-miR-20b
iso-24-VIV6OYINHW	UAGCUUAUCAGACUGAUGUUGACU	Eca-Mir-21_5p	eca-miR-21
iso-22-YRZWJRZV3	UUCCCUUUGUCAUCCUUUGCCU	Eca-Mir-204-P1_5p	eca-miR-211
iso-22-UFS9JMEJ2	UAACAGUCUCCAGUCACGGCCA	Eca-Mir-132-P2_3p	eca-miR-212
iso-22-0J1FJD1FN	ACAGCAGGCACAGACAGGCAGU	Eca-Mir-214-v1_3p	eca-miR-214
iso-22-ID44DY022	AUGACCUAUGAAUUGACAGACA	Eca-Mir-192-P2_5p	eca-miR-215
iso-22-BMWV1FDWL	AAAUCUCUGCAGGCAAAUGUGA	Eca-Mir-216-P2a_5p	eca-miR-216b
iso-23-UYJ66DXNDX	UACUGCAUCAGGAACUGAUUGGA	Eca-Mir-217-v1_5p	eca-miR-217
iso-21-Z4NUWOK4E	UUGUGCUUGAUCUAACCAUGU	Eca-Mir-218-P2_5p|Eca-Mir-218-P4_5p	eca-miR-218
iso-23-XNS6BVD90P	UGAUUGUCCAAACGCAAUUCUUG	Eca-Mir-219-P2_5p	eca-miR-219-5p
iso-22-DIPPZBOIN	AAGCUGCCAGUUGAAGAACUGU	Eca-Mir-22-P1b_3p	eca-miR-22
iso-23-FXJYWV9305	AGCUACAUUGUCUGCUGGGUUUC	Eca-Mir-221-P2a_3p	eca-miR-221
iso-24-FXJ76XNKJ5	AGCUACAUCUGGCUACUGGGUCUC	Eca-Mir-221-P1a_3p	eca-miR-222
iso-23-967Y8BURDF	UGUCAGUUUGUCAAAUACCCCAA	Eca-Mir-223_3p	eca-miR-223
iso-23-H5IVJKI9DF	AUCACAUUGCCAGGGAUUUCCAA	Eca-Mir-23-P3_3p	eca-miR-23a
iso-23-H5IVJKI5D1	AUCACAUUGCCAGGGAUUACCAC	Eca-Mir-23-P2_3p	eca-miR-23b
iso-22-9IJNJF6DH	UGGCUCAGUUCAGCAGGAACAG	Eca-Mir-24-P2_3p|Eca-Mir-24-P3_3p	eca-miR-24
iso-23-WW21H6QW0P	UCUGUCAACCAUCCAGCUGUUUG	Eca-Mir-2483_5p	eca-miR-2483
iso-22-JY2ZS9R7L	CAUUGCACUUGUCUCGGUCUGA	Eca-Mir-92-P2d_3p	eca-miR-25
iso-22-YOSEKKHK3	UUCAAGUAAUCCAGGAUAGGCU	Eca-Mir-26-P1_5p|Eca-Mir-26-P4_5p	eca-miR-26a
iso-21-Y51840YSD	UUCACAGUGGCUAAGUUCCGC	Eca-Mir-27-P3_3p	eca-miR-27a
iso-21-Y51840YYD	UUCACAGUGGCUAAGUUCUGC	Eca-Mir-27-P2_3p	eca-miR-27b
iso-22-VWRERO0VQ	UAUGUGGGAUGGUAAACCGCUU	Eca-Mir-154-P3-v1_3p	eca-miR-299
iso-22-VFKMXBW3O	UAGCACCAUCUGAAAUCGGUUA	Eca-Mir-29-P2b-v1_3p	eca-miR-29a
iso-23-VFKNXB830E	UAGCACCAUUUGAAAUCAGUGUU	Eca-Mir-29-P1b-v1_3p|Eca-Mir-29-P1d-v1_3p	eca-miR-29b
iso-22-VFKNXBW3O	UAGCACCAUUUGAAAUCGGUUA	Eca-Mir-29-P2d7_3p|Eca-Mir-29-P2d8_3p	eca-miR-29c
iso-22-9O0M4F4P3	UGUAAACAUCCUACACUCAGCU	Eca-Mir-30-P2a_5p	eca-miR-30b
iso-24-9O0M4F49EW	UGUAAACAUCCUACACUCUCAGCU	Eca-Mir-30-P2b_5p|Eca-Mir-30-P2d_5p	eca-miR-30c
iso-24-9O0MKUN2EW	UGUAAACAUCCCCGACUGGAAGCU	Eca-Mir-30-P1a_5p	eca-miR-30d
iso-24-9O0MNUN2EW	UGUAAACAUCCUUGACUGGAAGCU	Eca-Mir-30-P1d_5p	eca-miR-30e
iso-23-1FF4NJHJ0N	AGGCAAGAUGCUGGCAUAGCUGU	Eca-Mir-31_5p	eca-miR-31
iso-22-VY2QUX1Y2	UAUUGCACAUUACUAAGUUGCA	Eca-Mir-32_5p	eca-miR-32
iso-21-2QU5RS09E	CACAUUACACGGUCGACCUCU	Eca-Mir-154-P6a-v1_3p	eca-miR-323-3p
iso-23-LQK71JI80N	CGCAUCCCCUAGGGCAUUGGUGU	Eca-Mir-324_5p	eca-miR-324-5p
iso-20-37R1NR8P	CCUCUGGGCCCUUCCUCCAG	Eca-Mir-326_3p	eca-miR-326
iso-21-NJ37N1NR0	CUGGCCCUCUCUGCCCUUCCG	Eca-Mir-328_3p	eca-miR-328
iso-21-BU0Y7O37E	AACGAACCUGGUUAACCUCUU	Eca-Mir-154-P8b_3p	eca-miR-329b
iso-23-W7R19WNPDW	UCUCUGGGCCUGUGUCUUAGGCU	Eca-Mir-330-v1_5p	eca-miR-330
iso-21-PR9J4M42B	GCCCCUGGGCCUAUCCUAGAA	Eca-Mir-331_3p	eca-miR-331
iso-22-80FOUHBBP	UCAAGAGCAAUAACGAAAAAUG	Eca-Mir-335_5p	eca-miR-335
iso-23-8PJ67EZW0L	UCCAGCAUCAGUGAUUUUGUUGA	Eca-Mir-338-P2_3p	eca-miR-338-3p
iso-22-YLDFI0EUQ	UUAUAAAGCAAUGAGACUGAUU	Eca-Mir-340_5p	eca-miR-340-5p
iso-25-W62PBMP1M6	UCUCACACAGAAAUCGCACCCGUCA	Eca-Mir-342_3p	eca-miR-342-3p
iso-21-KYBXR3N20	CCCUGAACUAGGGGUCUGGAG	Eca-Mir-345_3p	eca-miR-345-3p
iso-23-97PSJVN103	UGUCUGCCCGCAUGCCUGCCUCU	Eca-Mir-346_5p	eca-miR-346
iso-23-9F7MYJ9N0E	UGGCAGUGUCUUAGCUGGUUGUU	Eca-Mir-34-P1_5p	eca-miR-34a
iso-23-1F7LIPNE0N	AGGCAGUGUAAUUAGCUGAUUGU	Eca-Mir-34-P2a_5p	eca-miR-34b-5p
iso-23-1F7L7PNE0M	AGGCAGUGUAGUUAGCUGAUUGC	Eca-Mir-34-P2b_5p	eca-miR-34c
iso-22-JFNMMLF4J	CAGCACUGUCCGGUAAGAUGCC	Eca-Mir-8-P2a-as_3p	eca-miR-3548
iso-22-YMFE46R31	UUAUCAGAAUCUCCAGGGGUAC	Eca-Mir-361-v1_5p	eca-miR-361-5p
iso-22-DY28VRHYO	AAUUGCACGGUAUCCAUCUGUA	Eca-Mir-92-P2c_3p	eca-miR-363
iso-21-U4K7BB8ZB	UAAUGCCCCUAAAAAUCCUUA	Eca-Mir-193-P2a_3p	eca-miR-365
iso-22-U4K7BB8ZI	UAAUGCCCCUAAAAAUCCUUAU	Eca-Mir-193-P2b_3p	eca-miR-365
iso-21-DOUQRYHZE	AAUAAUACAUGGUUGAUCUUU	Eca-Mir-154-P32_3p	eca-miR-369-3p
iso-22-PYNK720YN	GCCUGCUGGGGUGGAACCUGGU	Eca-Mir-370_3p	eca-miR-370
iso-22-YLHF0YH0P	UUAUAAUACAACCUGAUAAGUG	Eca-Mir-374-P1_5p	eca-miR-374a
iso-22-HLHF0Y40P	AUAUAAUACAACCUGCUAAGUG	Eca-Mir-374-P2_5p	eca-miR-374b
iso-21-BQFKBNKHE	AACAUAGAGGAAAUUCCACGU	Eca-Mir-376-P2_3p	eca-miR-376c
iso-22-H50B6ONZN	AUCACACAAAGGCAACUUUUGU	Eca-Mir-154-P29_3p	eca-miR-377
iso-21-9LOX9BMP0	UGGUAGACUAUGGAACGUAGG	Eca-Mir-154-P1_5p	eca-miR-379
iso-21-VWDQRREME	UAUGUAAUAUGGUCCACGUCU	Eca-Mir-154-P4_3p	eca-miR-380
iso-22-V5DK2JW7N	UAUACAAGGGCAAGCUCUCUGU	Eca-Mir-154-P17_3p	eca-miR-381
iso-22-O399736NK	GAAGUUGUUCGUGGUGGAUUCG	Eca-Mir-154-P24_5p	eca-miR-382
iso-22-FMF07E983	AGAUCAGAAGGUGAUUGUGGCU	Eca-Mir-383-v1_5p	eca-miR-383
iso-22-IRVBIW8FI	AUUCCUAGAAAUUGUUCACAAU	Eca-Mir-384_3p	eca-miR-384
iso-22-FLZFMN573	AGAUAUUGCACGGUUGAUCUCU	Eca-Mir-154-P35_3p	eca-miR-3958
iso-23-1N0SFONYDI	AGGUUACCCGAGCAACUUUGCAU	Eca-Mir-154-P30_5p	eca-miR-409-5p
iso-21-DQB5F4PYE	AAUAUAACACAGAUGGCCUGU	Eca-Mir-154-P33_3p	eca-miR-410
iso-21-VLOSVPM50	UAGUAGACCGUAUAGCGUACG	Eca-Mir-154-P2-v1_5p	eca-miR-411
iso-23-F9R75JK9Z	AGCUCGGUCUGAGGCCCCUCAGU	Eca-Mir-423_3p	eca-miR-423-3p
iso-22-JFPE84ZYF	CAGCAGCAAUUCAUGUUUUGAA	Eca-Mir-15-P1c_5p	eca-miR-424
iso-22-ULNM9LI1N	UAAUACUGUCUGGUAAUGCCGU	Eca-Mir-8-P3a_3p	eca-miR-429
iso-23-WY5LR6ZK04	UCUUGGAGUAGGUCAUUGGGUGG	Eca-Mir-432_5p	eca-miR-432
iso-22-HQ58QRW3N	AUCAUGAUGGGCUCCUCGGUGU	Eca-Mir-433_3p	eca-miR-433
iso-22-9F7LZNFYN	UGGCAGUGUAUUGUUAGCUGGU	Eca-Mir-34-P3c_5p	eca-miR-449a
iso-25-1F74ZNFYQV	AGGCAGUGUGUUGUUAGCUGGCUGC	Eca-Mir-34-P3b_5p	eca-miR-449b
iso-22-ZYL4994EI	UUUUGCGAUGUGUUCCUAAUAU	Eca-Mir-450-P2_5p	eca-miR-450a
iso-22-ZYL4994E1	UUUUGCGAUGUGUUCCUAAUAC	Eca-Mir-450-P1_5p	eca-miR-450c
iso-22-B175JXN4Q	AAACCGUUACCAUUACUGUGUU	Eca-Mir-451_5p	eca-miR-451
iso-22-29494RSZ3	CACUCCUCUCCUCCCGUCUUCU	Eca-Mir-483-v1_3p	eca-miR-483
iso-22-SQ0HQ7373	GUCAUACACGGCUCUCCUCUCU	Eca-Mir-154-P25_3p	eca-miR-485-3p
iso-23-FKNJMUXE0K	AGAGGCUGGCCGUGAUGAAUUCG	Eca-Mir-154-P25_5p	eca-miR-485-5p
iso-22-D6UP6F8PQ	AAUCAUACAGGGACAUCCAGUU	Eca-Mir-154-P23_3p	eca-miR-487a
iso-22-DSUPR685Q	AAUCGUACAGGGUCAUCCACUU	Eca-Mir-154-P18_3p	eca-miR-487b
iso-22-7DH5HLMHM	GUGACAUCACAUAUACGGCGGC	Eca-Mir-489_3p	eca-miR-489
iso-23-2190O9JV0N	CAACCUGGAGGACUCCAUGCUGU	Eca-Mir-490_3p	eca-miR-490-3p
iso-23-XBJ5EKB103	UGAAACAUACACGGGAAACCUCU	Eca-Mir-154-P9_3p	eca-miR-494
iso-22-BFBQRVE9Q	AAACAAACAUGGUGCACUUCUU	Eca-Mir-154-P12_3p	eca-miR-495
iso-22-JFPFN47YO	CAGCAGCACACUGUGGUUUGUA	Eca-Mir-15-P1d_5p	eca-miR-497
iso-22-Y0EYJ4INO	UUAAGACUUGCAGUGAUGUUUA	Eca-Mir-499_5p	eca-miR-499-5p
iso-23-VFQKBPUYDH	UAGCAGCGGGAACAGUACUGCAG	Eca-Mir-15-P2c_5p	eca-miR-503
iso-23-F1N3NF4X03	AGACCCUGGUCUGCACUCUAUCU	Eca-Mir-504-v1_5p	eca-miR-504
iso-23-XE65N9X3X	UGAAUGGCACCUUUCUGAGUAGA	Eca-Mir-506-P4b_3p	eca-miR-506a
iso-21-I82ZZY1W0	AUUGGCACUUUUUUGAGUGUG	Eca-Mir-506-P2a_3p	eca-miR-507b
iso-21-IW27Z81PB	AUUGUCACCUUUUGGAGUAGA	Eca-Mir-506-P3_3p	eca-miR-508-3p
iso-23-UYJD182MD0	UACUGCAGACAGUGGCAAUCAUG	Eca-Mir-506-P1n_5p	eca-miR-509a-5p
iso-22-JVNU7L61N	CAUGCCUUGAGUGUAGGACCGU	Eca-Mir-188-P1_5p	eca-miR-532-5p
iso-22-9UJEXLEUF	UGUGACAGAUUGAUAACUGAAA	Eca-Mir-542-v1_3p	eca-miR-542-3p
iso-22-BFYVRVE9Q	AAACAUUCGCGGUGCACUUCUU	Eca-Mir-154-P11_3p	eca-miR-543
iso-21-QDKIN8ZRB	GCGACCCACUCUUGGUUUCCA	Eca-Mir-551-P1_3p	eca-miR-551a
iso-21-QDKLN8Z60	GCGACCCAUACUUGGUUUCAG	Eca-Mir-551-P2_3p	eca-miR-551b
iso-21-UNY4VOQPE	UAAUUUUAUGUAUAAGCUAGU	Eca-Mir-590_3p	eca-miR-590-3p
iso-22-Z48EIHIEN	UUGUGUCAAUAUGCGAUGAUGU	Eca-Mir-592_5p	eca-miR-592
iso-21-8UPYR7K9E	UCCGAGCCUGGGUCUCCCUCU	Eca-Mir-615_3p	eca-miR-615-3p
iso-21-D8L64K7W0	AAUGGCGCCACUAGGGUUGUG	Eca-Mir-652_3p	eca-miR-652
iso-22-ZB0E4YNBJ	UUGAAACAAUCUCUGCUGAACC	Eca-Mir-653_5p	eca-miR-653
iso-21-DQV51609E	AAUAUUAUACAGUCAACCUCU	Eca-Mir-154-P34_3p	eca-miR-656
iso-23-URIVHM630N	UACCCAUUGCAUAUCGGAGUUGU	Eca-Mir-188-P3_5p	eca-miR-660
iso-21-88Y91J85D	UCCGGUUCUCAGGGCUCCACC	Eca-Mir-671_3p	eca-miR-671-3p
iso-21-3M407WX3E	CCGUCCUAAGGUUGUUGAGUU	Eca-Mir-676_3p	eca-miR-676
iso-24-9BOX7EZWKE	UGGAAGACUAGUGAUUUUGUUGUU	Eca-Mir-7-P1_5p|Eca-Mir-7-P2_5p|Eca-Mir-7-P4_5p	eca-miR-7
iso-23-D2QX2MVIDY	AAGGAGCUUACAAUCUAGCUGGG	Eca-Mir-708_5p	eca-miR-708
iso-22-B4SR43Q74	AAAUGGUCCCCUAGUGCUCUGG	Eca-Mir-7177_3p	eca-miR-7177b
iso-22-X86XRIBP2	UGCGGGGCUAGGGCUAACAGCA	Eca-Mir-744_5p	eca-miR-744
iso-22-ZWO7RREOJ	UUUGUGACCUGGUCCACUAACC	Eca-Mir-154-P7_3p	eca-miR-758
iso-21-D3UZ7PYP0	AAGGUUACUUGUUAGUUCAGG	Eca-Mir-872_5p	eca-miR-872
iso-23-N1NJ3061DR	CUGCCCUGGCCCGAGGGACCGAC	Eca-Mir-874_3p	eca-miR-874
iso-22-8QU5URX73	UCCAUUACACUACCCUGCCUCU	Eca-Mir-885_5p	eca-miR-885-5p
iso-21-YEH80DJYE	UUAAUAUCGGACAACCAUUGU	Eca-Mir-154-P20_3p	eca-miR-889
iso-22-DXS197RLL	AAUUAGUACCUGUCUGGGUAGA	Eca-Mir-506-P28a_3p|Eca-Mir-506-P28b_3p|Eca-Mir-506-P28f1_3p|Eca-Mir-506-P28f2_3p|Eca-Mir-506-P28f3_3p	eca-miR-8908b
iso-22-Y30Y88S2N	UUAGUACCUGUCCGGGUAGAGU	Eca-Mir-506-P28c-v1_3p|Eca-Mir-506-P28e1_3p|Eca-Mir-506-P28e2_3p	eca-miR-8908c
iso-22-URFOR5XMM	UACCCAGCAAGGUACUGAUCGC	Eca-Mir-506-P29a1_5p	eca-miR-8908e
iso-23-URFOR5XMDW	UACCCAGCAAGGUACUGAUCGCU	Eca-Mir-506-P29a2_5p	eca-miR-8908e
iso-22-UR1OR5XM1	UACCCAGUAAGGUACUGAUCAC	Eca-Mir-506-P33b1_5p|Eca-Mir-506-P33b2_5p	eca-miR-8908g
iso-23-VR1OR5XMW	UAUCCAGUAAGGUACUGAUCACU	Eca-Mir-506-P33a_5p	eca-miR-8908h
iso-21-UR60SI56D	UACCCGGAAGGUACUGAUCAC	Eca-Mir-506-P28f1_5p|Eca-Mir-506-P28f2_5p|Eca-Mir-506-P28f3_5p	eca-miR-8908j
iso-22-89Z7ZI8Z3	UCCUCUUUCUUUGCUUCCUUCU	Eca-Mir-9159_5p	eca-miR-9159
iso-22-VY2ZSR67N	UAUUGCACUUGUCCCGGCCUGU	Eca-Mir-92-P1a_3p|Eca-Mir-92-P1c_3p	eca-miR-92a
iso-22-VY29SR67J	UAUUGCACUCGUCCCGGCCUCC	Eca-Mir-92-P1d_3p	eca-miR-92b
iso-23-20XYYWPK0H	CAAAGUGCUGUUCGUGCAGGUAG	Eca-Mir-17-P4d_5p	eca-miR-93
iso-22-YOM3NXZ02	UUCAACGGGUCUUUAUUGAGCA	Eca-Mir-95_3p	eca-miR-95
iso-23-Z82XPFZZDW	UUUGGCACUAGCACAUUUUUGCU	Eca-Mir-96-P1_5p	eca-miR-96
iso-22-XKVL1YVYQ	UGAGGUAGUAAGUUGUAUUGUU	Eca-Let-7-P2b3_5p	eca-miR-98
iso-22-BRS28UWYP	AACCCGUAGAUCCGAUCUUGUG	Eca-Mir-10-P2c_5p	eca-miR-99a
iso-22-2RS20U3YK	CACCCGUAGAACCGACCUUGCG	Eca-Mir-10-P2b_5p	eca-miR-99b
iso-22-B0NKZ01JL	AAAAGCUGGGUUGAGAGGGCGA	Eca-Mir-320_3p	eca-novel-miR-10735
iso-22-2V8425062	CACGCUCAUGCACACACCCACA	Eca-Mir-574_3p	eca-novel-miR-11668
iso-22-YOSE8KHKQ	UUCAAGUAAUUCAGGAUAGGUU	Eca-Mir-26-P2_5p	eca-novel-miR-12948
iso-22-XKVL7YXYQ	UGAGGUAGUAGUUUGUGCUGUU	Eca-Let-7-P2c2_5p	eca-novel-miR-12960-0
iso-22-ZWWNMILWL	UUUGUUCGUUCGGCUCGCGUGA	Eca-Mir-375_3p	eca-novel-miR-13270
iso-23-BQ8DNMRU0E	AACAUUCAACCUGUCGGUGAGUU	Eca-Mir-181-P1c_5p	eca-novel-miR-14013
iso-22-K18RXOEM2	CCACCUCCCCUGCAAACGUCCA	Eca-Mir-1306_5p	eca-novel-miR-14740
iso-22-JXS197RLL	CAUUAGUACCUGUCUGGGUAGA	Eca-Mir-506-P28d1_3p|Eca-Mir-506-P28d2_3p	eca-novel-miR-15624
iso-22-ZQXJ094MF	UUUAUUGAGCACCUCCUAUCAA	Eca-Mir-325_3p	eca-novel-miR-15824
iso-23-FKUBDYIYW	AGAGGUAAAAAAUUGAUUUGACU	Eca-Mir-6119_5p	eca-novel-miR-15872
iso-21-83P402EY0	UCAGUGCAUGACAGAACUUGG	Eca-Mir-148-P3_3p	eca-novel-miR-1986
iso-22-N4MWOPMIL	CUGUGCGUGUGACAGCGGCUGA	Eca-Mir-210_3p	eca-novel-miR-2774
iso-23-87S7KKF9W	UCCCUGUCCUCCAGGAGCUCACU	Eca-Mir-339_5p	eca-novel-miR-3369
iso-21-Y7IFV5YZE	UUCCUAUGCAUAUACUUCUUU	Eca-Mir-202_5p	eca-novel-miR-5960
iso-22-EE5U947BL	ACGAUGAUGAUGGUGGUGAAGA	Eca-Mir-12464_5p	eca-novel-miR-6234
iso-22-74MBIIWVO	GUGUGCGGAAAUGCUUCUGCUA	Eca-Mir-147_3p	eca-novel-miR-6302
iso-22-9O01LI60J	UGUAAACACCCGACUGGAAGCC	Eca-Mir-30-P1b_5p	eca-novel-miR-7274
iso-21-KOU5RSH9E	CCCAAUACACGGUCGAUCUCU	Eca-Mir-154-P6b_3p	eca-novel-miR-8378
iso-21-2OU5RS09E	CACAAUACACGGUCGACCUCU	Eca-Mir-154-P6c_3p	eca-novel-miR-8388
iso-22-7BINV2KIH	GUGAAAUGUUUAGGACCACUAG	Eca-Mir-203-v1_3p	eca-novel-miR-8414-0
iso-22-0S8SXWKSL	ACCCGUCCCGUGCGUCCCCGGA	Eca-Mir-1247-v1_5p	eca-novel-miR-8611
iso-22-JN0VYS41M	CAGUUACCGCUUCCGCUACCGC	Eca-Mir-935-v1_3p	eca-novel-miR-907-0
iso-24-232X738WKH	CAAGUCACUAGUGGUUCCGUUUAG	Eca-Mir-224_5p	eca-miR-224
iso-23-XN654ZF3D6	UGAUUGGCACCUCUUAGAGUGAA	Eca-Mir-506-P2b3_3p	eca-miR-507a
iso-22-E1NRKRYZ2	ACGCCCUUCCCCCCCUUCUUCA	Eca-Mir-1249_3p	eca-miR-1249
iso-22-N827MOPI2	CUUGGCACCUCGUAAGCACUCA	Eca-Mir-1271_5p	eca-miR-1271a
iso-22-W05I2PWPO	UCGAGGAGCUCACAGUCUAGUA	Eca-Mir-151_5p	eca-miR-151-5p
iso-22-2X5YXJ8YL	CACUAGAUUGUGAGCUCCUGGA	Eca-Mir-28_3p	eca-miR-28-3p
iso-23-ZY2L99NB0I	UUUUGCAAUAUGUUCCUGAAUAU	Eca-Mir-450-P3_5p	eca-miR-450b-5p
